date,revenue,notes
2024-01-01,12500,New year start
2024-01-02,12800,Normal operations
2024-01-03,13100,Normal operations
2024-01-04,11900,Minor delay in processing
2024-01-05,12500,Normal operations
2024-01-06,12600,Weekend routine
2024-01-07,12400,Normal operations
2024-01-08,12900,Normal operations
2024-01-09,13000,Normal operations
2024-01-10,12800,Audit check completed
2024-01-11,12700,Normal operations
2024-01-12,12500,Normal operations
2024-01-13,12600,Normal operations
2024-01-14,12900,Contact support at help@legacy-systems.com for logs
2024-01-15,13200,Mid-month review
2024-01-16,12800,Normal operations
2024-01-17,12500,Normal operations
2024-01-18,12400,Normal operations
2024-01-19,12700,Normal operations
2024-01-20,13000,Normal operations
2024-01-21,12900,Normal operations
2024-01-22,12800,Normal operations
2024-01-23,12600,Normal operations
2024-01-24,12500,Normal operations
2024-01-25,500,CRITICAL FAILURE reported by admin deviation
2024-01-26,12200,System recovered
2024-01-27,12800,Normal operations
2024-01-28,12900,Normal operations
2024-01-29,13000,Normal operations
2024-01-30,12700,Normal operations
2024-01-31,12600,End of month close
2024-02-01,12800,Normal operations
2024-02-02,12500,Normal operations
2024-02-03,12900,Normal operations
2024-02-04,13000,Normal operations
2024-02-05,12700,Normal operations
2024-02-06,12800,Normal operations
2024-02-07,12600,Normal operations
2024-02-08,12500,Normal operations
2024-02-09,12900,Normal operations
2024-02-10,13100,Normal operations
2024-02-11,45000,Unusual spike due to bulk purchase
2024-02-12,12800,Returning to baseline
2024-02-13,12700,Normal operations
2024-02-14,12600,Valentine promo active
2024-02-15,12900,Normal operations
2024-02-16,13000,Normal operations
2024-02-17,12800,Normal operations
2024-02-18,12500,Normal operations
2024-02-19,12700,Normal operations
2024-02-20,12600,Please call 555-0199 for verification
2024-02-21,12900,Normal operations
2024-02-22,13000,Normal operations
2024-02-23,12800,Normal operations
2024-02-24,12500,Normal operations
2024-02-25,12700,Normal operations
2024-02-26,12600,Normal operations
2024-02-27,12900,Normal operations
2024-02-28,12800,Normal operations
2024-02-29,12500,Leap day check
2024-03-01,12700,Normal operations
2024-03-02,13000,Normal operations
2024-03-03,12900,Normal operations
2024-03-04,12800,Normal operations
2024-03-05,12600,Normal operations
2024-03-06,12500,Normal operations
2024-03-07,12700,Normal operations
2024-03-08,12800,Normal operations
2024-03-09,12900,Normal operations
2024-03-10,1000,Database connectivity issue reported by john.doe@corp.net
2024-03-11,12500,Patch applied
2024-03-12,12800,Normal operations
2024-03-13,13000,Normal operations
2024-03-14,12700,Normal operations
2024-03-15,12600,Normal operations
2024-03-16,12900,Normal operations
2024-03-17,12800,Normal operations
2024-03-18,12500,Normal operations
2024-03-19,12700,Normal operations
2024-03-20,13100,Normal operations
2024-03-21,13200,Normal operations
2024-03-22,13000,Normal operations
2024-03-23,12800,Normal operations
2024-03-24,12600,Normal operations
2024-03-25,12500,Normal operations
2024-03-26,12700,Normal operations
2024-03-27,12900,Normal operations
2024-03-28,13000,Normal operations
2024-03-29,12800,Normal operations
2024-03-30,12600,Normal operations
2024-03-31,12500,Quarter end
2024-04-01,12700,New quarter start
2024-04-02,12900,Normal operations
2024-04-03,13000,Normal operations
2024-04-04,12800,Normal operations
2024-04-05,12600,Normal operations
2024-04-06,12500,Normal operations
2024-04-07,12700,Normal operations
2024-04-08,12800,Normal operations
2024-04-09,12900,Normal operations
2024-04-10,13100,Normal operations
2024-04-11,13000,Normal operations
2024-04-12,12800,Normal operations
2024-04-13,12600,Normal operations
2024-04-14,12500,Normal operations
2024-04-15,12700,Tax day check
2024-04-16,12900,Normal operations
2024-04-17,13000,Normal operations
2024-04-18,12800,Normal operations
2024-04-19,12600,Normal operations
2024-04-20,200,Major outage affecting East Coast
2024-04-21,12200,Service restored
2024-04-22,12800,Normal operations
2024-04-23,12900,Normal operations
2024-04-24,13000,Normal operations
2024-04-25,12700,Normal operations
2024-04-26,12600,Normal operations
2024-04-27,12500,Normal operations
2024-04-28,12700,Normal operations
2024-04-29,12800,Normal operations
2024-04-30,12900,Normal operations
2024-05-01,13000,Normal operations
2024-05-02,12800,Normal operations
2024-05-03,12600,Normal operations
2024-05-04,12500,Normal operations
2024-05-05,12700,Normal operations
2024-05-06,12900,Normal operations
2024-05-07,13100,Normal operations
2024-05-08,13000,Normal operations
2024-05-09,12800,Normal operations
2024-05-10,12600,Normal operations
2024-05-11,12500,Normal operations
2024-05-12,12700,Normal operations
2024-05-13,12900,Normal operations
2024-05-14,13000,Normal operations
2024-05-15,12800,Normal operations
2024-05-16,12600,Normal operations
2024-05-17,12500,Normal operations
2024-05-18,12700,Normal operations
2024-05-19,12900,Normal operations
2024-05-20,13100,Normal operations